{"C_values": [0.00001, 0.001, 1, 5, 10], "test_accuracies": [11.35, 11.35, 95.19999999999999, 95.41, 95.41], "crossval_accuracies": [9.715, 9.715, 95.94500000000002, 96.03, 96.03]}