{"1": 0.0, "2": 0.0, "3": 0.0, "4": 0.0, "5": 0.7958025115639823, "macro": 0.15916050231279646}