{"1": 0.036363636349924774, "2": 0.044080604515580483, "3": 0.11943425873351411, "4": 0.22515212976756518, "5": 0.30491257282056694, "macro": 0.1459886404374303}