{"1": 0.21470245036929833, "2": 0.13756613751704738, "3": 0.25344644745907624, "4": 0.335119157534683, "5": 0.7934828163792087, "macro": 0.3468634018518627}