{"1": 0.28257456824280214, "2": 0.18495297800639243, "3": 0.24926166563619392, "4": 0.3817694369479213, "5": 0.8188506456258797, "macro": 0.38348185889183795}