{"1": 0.143698468786808, "2": 0.12191435768261963, "3": 0.25548726953467954, "4": 0.30933122903925825, "5": 0.7375368296994695, "macro": 0.313593630948567}