{"1": 0.13025641025641024, "2": 0.1196013289036545, "3": 0.2505456132693147, "4": 0.2867047308319739, "5": 0.7144160029184654, "macro": 0.30030481723596375}